<?xml version="1.0" encoding="UTF-8"?>
<project xmlns="http://maven.apache.org/POM/4.0.0" xmlns:xsi="http://www.w3.org/2001/XMLSchema-instance" xsi:schemaLocation="http://maven.apache.org/POM/4.0.0 http://maven.apache.org/maven-v4_0_0.xsd">
  <modelVersion>4.0.0</modelVersion>
  <groupId>net.simplyrin.bungeefriends</groupId>
  <artifactId>BungeeFriends</artifactId>
  <name>BungeeFriends</name>
  <version>2.5</version>
  <url>http://maven.apache.org</url>
  <build>
    <plugins>
      <plugin>
        <artifactId>maven-compiler-plugin</artifactId>
        <version>3.8.1</version>
        <configuration>
          <source>1.8</source>
          <target>1.8</target>
          <encoding>UTF-8</encoding>
          <annotationProcessorPaths>
            <path>
              <groupId>org.projectlombok</groupId>
              <artifactId>lombok</artifactId>
              <version>1.18.30</version>
            </path>
          </annotationProcessorPaths>
        </configuration>
      </plugin>
      <plugin>
        <artifactId>maven-shade-plugin</artifactId>
        <version>3.1.0</version>
        <executions>
          <execution>
            <phase>package</phase>
            <goals>
              <goal>shade</goal>
            </goals>
          </execution>
        </executions>
        <configuration>
          <minimizeJar>true</minimizeJar>
          <relocations>
            <relocation>
              <pattern>org.bstats</pattern>
              <shadedPattern>net.simplyrin.bungeefriends</shadedPattern>
            </relocation>
          </relocations>
        </configuration>
      </plugin>
      <plugin>
        <groupId>com.google.code.maven-replacer-plugin</groupId>
        <artifactId>maven-replacer-plugin</artifactId>
        <version>1.4.1</version>
        <executions>
          <execution>
            <phase>process-sources</phase>
            <goals>
              <goal>replace</goal>
            </goals>
          </execution>
        </executions>
        <configuration>
          <file>${version.template.file}</file>
          <outputFile>${version.file}</outputFile>
          <replacements>
            <replacement>
              <token>@buildnumber@</token>
              <value>${svn.revision}</value>
            </replacement>
            <replacement>
              <token>@buildtime@</token>
              <value>${build.time}</value>
            </replacement>
            <replacement>
              <token>@pomversion@</token>
              <value>${project.version}</value>
            </replacement>
          </replacements>
        </configuration>
      </plugin>
      <plugin>
        <groupId>org.codehaus.mojo</groupId>
        <artifactId>build-helper-maven-plugin</artifactId>
        <version>3.0.0</version>
        <executions>
          <execution>
            <id>timestamp-property</id>
            <goals>
              <goal>timestamp-property</goal>
            </goals>
            <configuration>
              <name>build.time</name>
              <pattern>yyyy-MM-dd HH:mm:ss</pattern>
              <locale>ja_JP</locale>
              <timeZone>Asia/Tokyo</timeZone>
            </configuration>
          </execution>
        </executions>
      </plugin>
      <plugin>
        <artifactId>maven-assembly-plugin</artifactId>
        <version>3.1.0</version>
        <executions>
          <execution>
            <id>make-assembly</id>
            <phase>package</phase>
            <goals>
              <goal>single</goal>
            </goals>
          </execution>
        </executions>
        <configuration>
          <descriptorRefs>
            <descriptorRef>jar-with-dependencies</descriptorRef>
          </descriptorRefs>
        </configuration>
      </plugin>
    </plugins>
  </build>
  <repositories>
    <repository>
      <id>bungeecord-repo</id>
      <url>https://oss.sonatype.org/content/repositories/snapshots</url>
    </repository>
    <repository>
      <id>jitpack.io</id>
      <url>https://jitpack.io</url>
    </repository>
  </repositories>
  <dependencies>
    <dependency>
      <groupId>org.projectlombok</groupId>
      <artifactId>lombok</artifactId>
      <version>1.18.30</version>
      <scope>provided</scope>
    </dependency>
    <dependency>
      <groupId>net.md-5</groupId>
      <artifactId>bungeecord-api</artifactId>
      <version>1.15-SNAPSHOT</version>
      <scope>provided</scope>
      <exclusions>
        <exclusion>
          <artifactId>bungeecord-chat</artifactId>
          <groupId>net.md-5</groupId>
        </exclusion>
        <exclusion>
          <artifactId>bungeecord-config</artifactId>
          <groupId>net.md-5</groupId>
        </exclusion>
        <exclusion>
          <artifactId>bungeecord-event</artifactId>
          <groupId>net.md-5</groupId>
        </exclusion>
        <exclusion>
          <artifactId>bungeecord-protocol</artifactId>
          <groupId>net.md-5</groupId>
        </exclusion>
        <exclusion>
          <artifactId>netty-transport-native-unix-common</artifactId>
          <groupId>io.netty</groupId>
        </exclusion>
        <exclusion>
          <artifactId>snakeyaml</artifactId>
          <groupId>org.yaml</groupId>
        </exclusion>
        <exclusion>
          <artifactId>guava</artifactId>
          <groupId>com.google.guava</groupId>
        </exclusion>
      </exclusions>
    </dependency>
    <dependency>
      <groupId>net.luckperms</groupId>
      <artifactId>api</artifactId>
      <version>5.3</version>
      <scope>provided</scope>
    </dependency>
  </dependencies>
  <properties>
    <maven.build.timestamp.format>yyyy-MM-dd HH:mm:ss</maven.build.timestamp.format>
    <version.template.file>src/main/java/net/simplyrin/bungeefriends/tools/Version.template</version.template.file>
    <project.build.sourceEncoding>UTF-8</project.build.sourceEncoding>
    <version.file>src/main/java/net/simplyrin/bungeefriends/tools/Version.java</version.file>
  </properties>
</project>

