<?xml version="1.0" encoding="UTF-8"?>
<project xmlns="http://maven.apache.org/POM/4.0.0" xmlns:xsi="http://www.w3.org/2001/XMLSchema-instance" xsi:schemaLocation="http://maven.apache.org/POM/4.0.0 http://maven.apache.org/maven-v4_0_0.xsd">
  <modelVersion>4.0.0</modelVersion>
  <groupId>net.simplyrin.bungeefriends.api</groupId>
  <artifactId>BungeeFriends-API-Bungee</artifactId>
  <version>1.0.0</version>
  <build>
    <resources>
      <resource>
        <filtering>true</filtering>
        <directory>src/main/resources</directory>
      </resource>
    </resources>
    <finalName>${project.artifactId}-${project.version}</finalName>
    <plugins>
      <plugin>
        <artifactId>maven-compiler-plugin</artifactId>
        <version>3.8.1</version>
        <configuration>
          <source>${maven.compiler.source}</source>
          <target>${maven.compiler.target}</target>
        </configuration>
      </plugin>
      <plugin>
        <artifactId>maven-shade-plugin</artifactId>
        <version>3.2.4</version>
        <executions>
          <execution>
            <phase>package</phase>
            <goals>
              <goal>shade</goal>
            </goals>
          </execution>
        </executions>
      </plugin>
    </plugins>
  </build>
  <repositories>
    <repository>
      <id>bungeecord-repo</id>
      <url>https://oss.sonatype.org/content/repositories/snapshots</url>
    </repository>
  </repositories>
  <dependencies>
    <dependency>
      <groupId>net.md-5</groupId>
      <artifactId>bungeecord-api</artifactId>
      <version>1.16-R0.4</version>
      <scope>provided</scope>
    </dependency>
    <dependency>
      <groupId>net.simplyrin</groupId>
      <artifactId>BungeeFriends</artifactId>
      <version>2.5</version>
      <scope>system</scope>
      <systemPath>${project.basedir}/../BungeeFriends-main/target/BungeeFriends-2.5-jar-with-dependencies.jar</systemPath>
    </dependency>
  </dependencies>
  <properties>
    <maven.compiler.target>1.8</maven.compiler.target>
    <maven.compiler.source>1.8</maven.compiler.source>
    <project.build.sourceEncoding>UTF-8</project.build.sourceEncoding>
  </properties>
</project>
